epoch,step,loss
0,0,4.587550163269043
0,1,1.8149996995925903
0,2,0.8987053036689758
0,3,0.9464821219444275
0,4,1.3461110591888428
0,5,1.351304054260254
0,6,1.173032522201538
0,7,1.1094775199890137
0,8,0.8466185927391052
0,9,0.8032330274581909
0,10,0.6766088008880615
0,11,0.6501429080963135
0,12,0.5473328828811646
0,13,0.6082891821861267
0,14,0.5121895670890808
0,15,0.49367886781692505
0,16,0.5579803586006165
0,17,0.512345552444458
0,18,0.6539112329483032
0,19,0.5026376247406006
0,20,0.41979438066482544
0,21,0.4000265896320343
0,22,0.4196285307407379
0,23,0.32739871740341187
0,24,0.4590758681297302
0,25,0.2895374000072479
0,26,0.3616906702518463
0,27,0.42741796374320984
0,28,0.23059901595115662
0,29,0.4686955213546753
0,30,0.2774972915649414
0,31,0.2660827040672302
0,32,0.29369261860847473
0,33,0.2872704863548279
0,34,0.3052932620048523
0,35,0.21320471167564392
0,36,0.1768207550048828
0,37,0.36192983388900757
0,38,0.2510851323604584
0,39,0.22731539607048035
0,40,0.30097392201423645
0,41,0.2083035111427307
0,42,0.22873444855213165
0,43,0.19197127223014832
0,44,0.2652333974838257
0,45,0.14997243881225586
0,46,0.22217683494091034
0,47,0.2865176796913147
0,48,0.16110387444496155
0,49,0.23078393936157227
0,50,0.18909409642219543
0,51,0.2735340893268585
0,52,0.2732200622558594
0,53,0.22951224446296692
0,54,0.22093892097473145
0,55,0.291969895362854
0,56,0.23536550998687744
0,57,0.22985754907131195
0,58,0.18656855821609497
0,59,0.3929474353790283
0,60,0.23279714584350586
0,61,0.23854635655879974
0,62,0.23682260513305664
0,63,0.23554591834545135
0,64,0.22681906819343567
0,65,0.2174423336982727
0,66,0.24244920909404755
0,67,0.23480427265167236
0,68,0.19886720180511475
0,69,0.22308441996574402
0,70,0.3657528758049011
0,71,0.2120123654603958
0,72,0.2297147512435913
0,73,0.21492955088615417
0,74,0.237258180975914
0,75,0.21289491653442383
0,76,0.2726673483848572
0,77,0.2013246864080429
0,78,0.22414299845695496
0,79,0.2380984127521515
0,80,0.16050708293914795
0,81,0.30243486166000366
0,82,0.3860098719596863
0,83,0.19773393869400024
0,84,0.1359608769416809
0,85,0.15006130933761597
0,86,0.1704081892967224
0,87,0.2078036069869995
0,88,0.08319379389286041
0,89,0.20466868579387665
0,90,0.09841994941234589
0,91,0.22658205032348633
0,92,0.30417048931121826
0,93,0.13974133133888245
0,94,0.18500202894210815
0,95,0.23440036177635193
0,96,0.22356157004833221
0,97,0.17942509055137634
0,98,0.24533553421497345
0,99,0.13718298077583313
0,100,0.2812303900718689
0,101,0.24172647297382355
0,102,0.25765013694763184
0,103,0.23935553431510925
0,104,0.25501519441604614
0,105,0.289583683013916
0,106,0.20117469131946564
0,107,0.19930654764175415
0,108,0.19476613402366638
0,109,0.20349754393100739
0,110,0.1819535493850708
0,111,0.18904532492160797
0,112,0.19312596321105957
0,113,0.20290082693099976
0,114,0.1926044076681137
0,115,0.14104673266410828
0,116,0.1527608335018158
0,117,0.23701846599578857
0,118,0.24474935233592987
0,119,0.2129954844713211
0,120,0.13648052513599396
0,121,0.11340093612670898
0,122,0.1635650396347046
0,123,0.1802569031715393
0,124,0.31068873405456543
0,125,0.1517356038093567
0,126,0.22014594078063965
0,127,0.20864629745483398
0,128,0.186606764793396
0,129,0.13533803820610046
0,130,0.23648230731487274
0,131,0.25905340909957886
0,132,0.45668768882751465
0,133,0.26356828212738037
0,134,0.21108466386795044
0,135,0.22218267619609833
0,136,0.2134588360786438
0,137,0.2382502257823944
0,138,0.27738940715789795
0,139,0.21512752771377563
0,140,0.17958801984786987
0,141,0.3053555488586426
0,142,0.20218446850776672
0,143,0.2795388698577881
0,144,0.17539569735527039
0,145,0.20816615223884583
0,146,0.20835134387016296
0,147,0.21619419753551483
0,148,0.19398491084575653
0,149,0.270569384098053
0,150,0.2594734728336334
0,151,0.15700170397758484
0,152,0.25537145137786865
0,153,0.27978023886680603
0,154,0.45503854751586914
0,155,0.26540321111679077
0,156,0.2932848036289215
0,157,0.30039846897125244
0,158,0.28927579522132874
0,159,0.2718689441680908
0,160,0.30751004815101624
0,161,0.2694605886936188
0,162,0.2201414555311203
0,163,0.19850507378578186
0,164,0.2243233472108841
0,165,0.10134686529636383
0,166,0.25153255462646484
0,167,0.3468160033226013
0,168,0.2355523705482483
0,169,0.16581273078918457
0,170,0.15937753021717072
0,171,0.17297475039958954
0,172,0.2311137616634369
0,173,0.23806285858154297
0,174,0.19782865047454834
0,175,0.1921168863773346
0,176,0.18906669318675995
0,177,0.1104273647069931
0,178,0.16700099408626556
0,179,0.09307920187711716
0,180,0.2912416458129883
0,181,0.22268983721733093
0,182,0.25207558274269104
0,183,0.22345417737960815
0,184,0.2402537763118744
0,185,0.2564511299133301
0,186,0.22567614912986755
0,187,0.15154415369033813
0,188,0.3550860583782196
0,189,0.4287302792072296
0,190,0.2829061448574066
0,191,0.12800198793411255
0,192,0.25512370467185974
0,193,0.21772387623786926
0,194,0.16373589634895325
0,195,0.12964195013046265
0,196,0.2653995454311371
0,197,0.26365363597869873
0,198,0.532692551612854
0,199,0.15846017003059387
0,200,0.19684810936450958
0,201,0.279452919960022
0,202,0.27120912075042725
0,203,0.19374941289424896
0,204,0.1730094850063324
0,205,0.28461334109306335
0,206,0.25067371129989624
0,207,0.31907975673675537
0,208,0.12196552753448486
0,209,0.4178122282028198
0,210,0.18419164419174194
0,211,0.2210475504398346
0,212,0.198630690574646
0,213,0.26503998041152954
0,214,0.19697347283363342
0,215,0.28491976857185364
0,216,0.20888680219650269
0,217,0.23548103868961334
0,218,0.3002641499042511
0,219,0.16536101698875427
0,220,0.45669615268707275
0,221,0.14010094106197357
0,222,0.1581154614686966
0,223,0.1634756475687027
0,224,0.09979644417762756
0,225,0.2081550508737564
0,226,0.11460220813751221
0,227,0.2772948741912842
0,228,0.12285702675580978
0,229,0.2728615403175354
0,230,0.16285961866378784
0,231,0.1379612684249878
0,232,0.2217472642660141
0,233,0.22787819802761078
0,234,0.1779608130455017
0,235,0.19205473363399506
0,236,0.1905623972415924
0,237,0.1815079152584076
0,238,0.14699991047382355
0,239,0.19998620450496674
0,240,0.22303274273872375
0,241,0.19590143859386444
0,242,0.13870581984519958
0,243,0.10450050234794617
0,244,0.4479224681854248
0,245,0.1699172556400299
0,246,0.1929229497909546
0,247,0.15325552225112915
0,248,0.269456148147583
0,249,0.28674381971359253
0,250,0.1624024212360382
0,251,0.10167000442743301
0,252,0.21336457133293152
0,253,0.6754503846168518
0,254,0.09538079798221588
0,255,0.18995800614356995
0,256,0.1831119954586029
0,257,0.1859389841556549
0,258,0.2110728919506073
0,259,0.1464848667383194
0,260,0.11825613677501678
0,261,0.1305507868528366
0,262,0.3334487974643707
0,263,0.1346426010131836
0,264,0.12768660485744476
0,265,0.2423567920923233
0,266,0.3450450599193573
0,267,0.21731534600257874
0,268,0.2989715337753296
0,269,0.40210217237472534
0,270,0.2990033030509949
0,271,0.30237483978271484
0,272,0.22652241587638855
0,273,0.18055939674377441
0,274,0.2982996702194214
0,275,0.3889006972312927
0,276,0.6397936344146729
0,277,0.41742274165153503
0,278,0.33783382177352905
0,279,0.225913867354393
0,280,0.5420048236846924
0,281,0.35523200035095215
0,282,0.29991745948791504
0,283,0.25080108642578125
0,284,0.412437379360199
0,285,0.25722968578338623
0,286,0.17794764041900635
0,287,0.17846816778182983
0,288,0.32423096895217896
0,289,0.2057274580001831
0,290,0.1436503529548645
0,291,0.25738704204559326
0,292,0.19406181573867798
0,293,0.1530083417892456
0,294,0.2649819850921631
0,295,0.17060130834579468
0,296,0.2597183287143707
0,297,0.25403594970703125
0,298,0.2156296968460083
0,299,0.24004118144512177
0,300,0.2642878293991089
0,301,0.20497994124889374
0,302,0.2077023684978485
0,303,0.21874196827411652
0,304,0.18584319949150085
0,305,0.12314870953559875
0,306,0.19811922311782837
0,307,0.23969539999961853
0,308,0.14285023510456085
0,309,0.2498963475227356
0,310,0.19900548458099365
0,311,0.28335505723953247
0,312,0.22296889126300812
0,313,0.23726555705070496
0,314,0.28946244716644287
0,315,0.21105824410915375
0,316,0.2291206419467926
0,317,0.19080126285552979
0,318,0.16578106582164764
0,319,0.19447822868824005
0,320,0.13461916148662567
0,321,0.1237429529428482
0,322,0.20675981044769287
0,323,0.3938625454902649
0,324,0.213243305683136
0,325,0.19841885566711426
0,326,0.3807787597179413
0,327,0.31328150629997253
0,328,0.24229665100574493
0,329,0.1705758422613144
0,330,0.1805911362171173
0,331,0.20860496163368225
0,332,0.3006264269351959
0,333,0.20705434679985046
0,334,0.14029330015182495
0,335,0.21733421087265015
0,336,0.13366293907165527
0,337,0.16301070153713226
0,338,0.31502795219421387
0,339,0.11988802254199982
0,340,0.20290379226207733
0,341,0.23461292684078217
0,342,0.20304714143276215
0,343,0.16201633214950562
0,344,0.17515814304351807
0,345,0.18621501326560974
0,346,0.18778467178344727
0,347,0.2885948419570923
0,348,0.22858640551567078
0,349,0.21669071912765503
0,350,0.1576330065727234
0,351,0.1787988245487213
0,352,0.19332101941108704
0,353,0.3920353949069977
0,354,0.10238379240036011
0,355,0.16566452383995056
0,356,0.1530582159757614
0,357,0.10408937186002731
0,358,0.13227815926074982
0,359,0.18071284890174866
0,360,0.2161664217710495
0,361,0.08671370148658752
0,362,0.17773672938346863
0,363,0.18801654875278473
0,364,0.1652408242225647
0,365,0.22296597063541412
0,366,0.16789382696151733
0,367,0.23434072732925415
0,368,0.19857832789421082
0,369,0.21077746152877808
0,370,0.17874573171138763
0,371,0.16949164867401123
0,372,0.2611561417579651
0,373,0.19188009202480316
0,374,0.1912091076374054
0,375,0.09883944690227509
0,376,0.09148981422185898
0,377,0.06965742260217667
0,378,0.23654651641845703
0,379,0.15958160161972046
0,380,0.19803175330162048
0,381,0.23054178059101105
0,382,0.2469920814037323
0,383,0.17941680550575256
0,384,0.2424427568912506
0,385,0.36647772789001465
0,386,0.24882206320762634
0,387,0.17936789989471436
0,388,0.35763412714004517
0,389,0.11183314025402069
0,390,0.34272822737693787
0,391,0.25353288650512695
0,392,0.18959397077560425
0,393,0.27861201763153076
0,394,0.2662675976753235
0,395,0.22611835598945618
0,396,0.22088228166103363
0,397,0.24770064651966095
0,398,0.1922011524438858
0,399,0.218849778175354
0,400,0.18888133764266968
0,401,0.1637345552444458
0,402,0.21164432168006897
0,403,0.16320307552814484
0,404,0.14476996660232544
0,405,0.1687048375606537
0,406,0.2154371738433838
0,407,0.24323688447475433
0,408,0.1566983461380005
0,409,0.1219419538974762
0,410,0.18415452539920807
0,411,0.23042745888233185
0,412,0.0802450031042099
0,413,0.39669567346572876
0,414,0.16041821241378784
0,415,0.2247854322195053
0,416,0.18470245599746704
0,417,0.21016600728034973
0,418,0.23802289366722107
0,419,0.20537373423576355
0,420,0.22016319632530212
0,421,0.19113433361053467
0,422,0.12353628128767014
0,423,0.30162665247917175
0,424,0.3407595455646515
0,425,0.2445359081029892
0,426,0.33532774448394775
0,427,0.17085126042366028
0,428,0.20954936742782593
0,429,0.209119975566864
0,430,0.17351441085338593
0,431,0.21033570170402527
0,432,0.09371745586395264
0,433,0.15873466432094574
0,434,0.14424952864646912
0,435,0.18322347104549408
0,436,0.2155357003211975
0,437,0.337083637714386
0,438,0.21854554116725922
0,439,0.18925955891609192
0,440,0.24659720063209534
0,441,0.1420152336359024
0,442,0.18374003469944
0,443,0.39303505420684814
0,444,0.19149544835090637
0,445,0.1658782809972763
0,446,0.15668322145938873
0,447,0.4568166136741638
0,448,0.261604905128479
0,449,0.29467904567718506
0,450,0.21976739168167114
0,451,0.2827233076095581
0,452,0.24595139920711517
0,453,0.2424895167350769
0,454,0.2985779345035553
0,455,0.2444239854812622
0,456,0.16854643821716309
0,457,0.16702893376350403
0,458,0.1949329674243927
0,459,0.32130688428878784
0,460,0.5260204672813416
0,461,0.23505046963691711
0,462,0.2883996069431305
0,463,0.2768344283103943
0,464,0.21532288193702698
0,465,0.2442081868648529
0,466,0.25493675470352173
0,467,0.19918029010295868
0,468,0.2316473126411438
0,469,0.34601670503616333
0,470,0.14035123586654663
0,471,0.25023627281188965
0,472,0.19131401181221008
0,473,0.24135130643844604
0,474,0.26226606965065
0,475,0.2601989507675171
0,476,0.2268095761537552
0,477,0.16362130641937256
0,478,0.24370591342449188
0,479,0.22997063398361206
0,480,0.10172386467456818
0,481,0.23496754467487335
0,482,0.2000790387392044
0,483,0.1869957596063614
0,484,0.1255362629890442
0,485,0.14234234392642975
0,486,0.23603671789169312
0,487,0.1271635890007019
0,488,0.11929598450660706
0,489,0.11144572496414185
0,490,0.17415986955165863
0,491,0.239610493183136
0,492,0.15855185687541962
0,493,0.21220546960830688
0,494,0.214910626411438
0,495,0.20823459327220917
0,496,0.1883106529712677
0,497,0.1804523766040802
0,498,0.12241069227457047
0,499,0.09336276352405548
0,500,0.1388077735900879
0,501,0.20587414503097534
0,502,0.1814361959695816
0,503,0.23527435958385468
0,504,0.18668805062770844
0,505,0.22819401323795319
0,506,0.24908825755119324
0,507,0.16576255857944489
0,508,0.22550351917743683
0,509,0.16268256306648254
0,510,0.18138602375984192
0,511,0.22883391380310059
0,512,0.23507249355316162
0,513,0.2317781150341034
0,514,0.15213657915592194
0,515,0.21910500526428223
0,516,0.23331433534622192
0,517,0.24277321994304657
0,518,0.12697076797485352
0,519,0.11891478300094604
0,520,0.10934913158416748
0,521,0.09603769332170486
0,522,0.14068028330802917
0,523,0.3806191682815552
0,524,0.1455785632133484
0,525,0.18377256393432617
0,526,0.17437593638896942
0,527,0.18798071146011353
0,528,0.1513279527425766
0,529,0.17078278958797455
0,530,0.24593116343021393
0,531,0.07660940289497375
0,532,0.21737582981586456
0,533,0.16292351484298706
0,534,0.12493759393692017
0,535,0.10964794456958771
0,536,0.25933176279067993
0,537,0.25173842906951904
0,538,0.21510852873325348
0,539,0.13764068484306335
0,540,0.30893468856811523
0,541,0.252545028924942
0,542,0.42479246854782104
0,543,0.22409206628799438
0,544,0.13359202444553375
0,545,0.6402583122253418
0,546,0.4027455151081085
0,547,0.10751774907112122
0,548,0.25281602144241333
0,549,0.32158705592155457
0,550,0.27855294942855835
0,551,0.20990213751792908
0,552,0.2164967805147171
0,553,0.28328266739845276
0,554,0.5285512208938599
0,555,0.10307157039642334
0,556,0.16401082277297974
0,557,0.23726634681224823
0,558,0.271424263715744
0,559,0.17283283174037933
0,560,0.23674847185611725
0,561,0.15873821079730988
0,562,0.263339638710022
0,563,0.19829627871513367
0,564,0.2388688027858734
0,565,0.16852402687072754
0,566,0.1804402470588684
0,567,0.12203553318977356
0,568,0.10360243916511536
0,569,0.23696060478687286
0,570,0.2304072231054306
0,571,0.36640283465385437
0,572,0.23526722192764282
0,573,0.20442630350589752
0,574,0.36602818965911865
0,575,0.3061133921146393
0,576,0.23480424284934998
0,577,0.2876451015472412
0,578,0.2892858684062958
0,579,0.33762457966804504
0,580,0.2985515594482422
0,581,0.2972171902656555
0,582,0.2740694582462311
0,583,0.2156209647655487
0,584,0.19262556731700897
0,585,0.10600548982620239
0,586,0.11965122073888779
0,587,0.3461272120475769
0,588,0.14289045333862305
0,589,0.17046025395393372
0,590,0.18537528812885284
0,591,0.23535498976707458
0,592,0.225008025765419
0,593,0.1930086612701416
0,594,0.2061772346496582
0,595,0.19918349385261536
0,596,0.14297273755073547
0,597,0.18766964972019196
0,598,0.3175283968448639
0,599,0.18646645545959473
0,600,0.18428045511245728
0,601,0.2216213047504425
0,602,0.16992580890655518
0,603,0.1725587248802185
0,604,0.15778034925460815
0,605,0.118537537753582
0,606,0.12951768934726715
0,607,0.37353432178497314
0,608,0.23149119317531586
0,609,0.20938798785209656
0,610,0.23618033528327942
0,611,0.2002190202474594
0,612,0.19515322148799896
0,613,0.21606284379959106
0,614,0.1264440417289734
0,615,0.1441420316696167
0,616,0.16509246826171875
0,617,0.12286187708377838
0,618,0.09629164636135101
0,619,0.08119674772024155
0,620,0.31343328952789307
0,621,0.2536020874977112
0,622,0.1736241579055786
0,623,0.1344146430492401
0,624,0.23355314135551453
0,625,0.2469681203365326
0,626,0.17662686109542847
0,627,0.13920456171035767
0,628,0.18944719433784485
0,629,0.16163137555122375
0,630,0.11187060177326202
0,631,0.11748398840427399
0,632,0.10319226235151291
0,633,0.0896533876657486
0,634,0.17221447825431824
0,635,0.07352020591497421
0,636,0.17540594935417175
0,637,0.07905372977256775
0,638,0.08358760178089142
0,639,0.1823543906211853
0,640,0.1482895314693451
0,641,0.19055809080600739
0,642,0.17617081105709076
0,643,0.15021969377994537
0,644,0.17867012321949005
0,645,0.15353521704673767
0,646,0.19386756420135498
0,647,0.2532990574836731
0,648,0.2876899838447571
0,649,0.17613762617111206
0,650,0.37500864267349243
0,651,0.19662675261497498
0,652,0.20028769969940186
0,653,0.16039001941680908
0,654,0.13024501502513885
0,655,0.2205629199743271
0,656,0.07999025285243988
0,657,0.3548218905925751
0,658,0.18456760048866272
0,659,0.17322894930839539
0,660,0.17039461433887482
0,661,0.24104291200637817
0,662,0.188712477684021
0,663,0.15756000578403473
0,664,0.2288174033164978
0,665,0.189936101436615
0,666,0.35418975353240967
0,667,0.18086260557174683
0,668,0.27968934178352356
0,669,0.24116972088813782
0,670,0.18483653664588928
0,671,0.1741337776184082
0,672,0.19312550127506256
0,673,0.11545931547880173
0,674,0.3699584901332855
0,675,0.17985008656978607
0,676,0.21008700132369995
0,677,0.21133092045783997
0,678,0.21539342403411865
0,679,0.17378905415534973
0,680,0.23947474360466003
0,681,0.34782683849334717
0,682,0.12146548926830292
0,683,0.31691136956214905
0,684,0.19662711024284363
0,685,0.25664952397346497
0,686,0.31259700655937195
0,687,0.2396378219127655
0,688,0.16734716296195984
0,689,0.4709002375602722
0,690,0.20219621062278748
0,691,0.16344748437404633
0,692,0.2361701875925064
0,693,0.14730298519134521
0,694,0.12974180281162262
0,695,0.1260865479707718
0,696,0.08117304742336273
0,697,0.4054374694824219
0,698,0.09027794003486633
0,699,0.08718359470367432
0,700,0.18810921907424927
0,701,0.14829489588737488
0,702,0.18743017315864563
0,703,0.14829158782958984
0,704,0.21945489943027496
0,705,0.2529512643814087
0,706,0.2243645191192627
0,707,0.22671833634376526
0,708,0.16235890984535217
0,709,0.16550585627555847
0,710,0.13140526413917542
0,711,0.11827753484249115
0,712,0.42751526832580566
0,713,0.07790021598339081
0,714,0.2363012731075287
0,715,0.2270350456237793
0,716,0.21539002656936646
0,717,0.2007063329219818
0,718,0.15172836184501648
0,719,0.15317992866039276
0,720,0.0983085036277771
0,721,0.20858456194400787
0,722,0.08505667746067047
0,723,0.11450295895338058
0,724,0.2579174041748047
0,725,0.21763142943382263
0,726,0.21769124269485474
0,727,0.18596512079238892
0,728,0.29585355520248413
0,729,0.2312314510345459
0,730,0.23315034806728363
0,731,0.21082472801208496
0,732,0.13339439034461975
0,733,0.14888547360897064
0,734,0.16537189483642578
0,735,0.15028300881385803
0,736,0.19522824883460999
0,737,0.2073165625333786
0,738,0.14857059717178345
0,739,0.17451533675193787
0,740,0.18452611565589905
0,741,0.23770052194595337
0,742,0.23514434695243835
0,743,0.22653770446777344
0,744,0.2035556435585022
0,745,0.21128389239311218
0,746,0.16892355680465698
0,747,0.17690318822860718
0,748,0.28015124797821045
0,749,0.2797190845012665
0,750,0.16758638620376587
0,751,0.15676097571849823
0,752,0.08725860714912415
0,753,0.20874644815921783
0,754,0.11269362270832062
0,755,0.23892363905906677
0,756,0.10026426613330841
0,757,0.31278476119041443
0,758,0.15601009130477905
0,759,0.1347009688615799
0,760,0.14486132562160492
0,761,0.08715969324111938
0,762,0.43291807174682617
0,763,0.23798874020576477
0,764,0.16217613220214844
0,765,0.17192131280899048
0,766,0.2095651775598526
0,767,0.2539364695549011
0,768,0.11567085981369019
0,769,0.16033485531806946
0,770,0.13077357411384583
0,771,0.14848056435585022
0,772,0.3534832298755646
0,773,0.26903820037841797
0,774,0.23525011539459229
0,775,0.2531728148460388
0,776,0.21497443318367004
0,777,0.13628709316253662
0,778,0.20879283547401428
0,779,0.16919218003749847
0,780,0.43372642993927
0,781,0.10864825546741486
0,782,0.15731099247932434
0,783,0.173696368932724
0,784,0.141517773270607
0,785,0.2835979163646698
0,786,0.23026582598686218
0,787,0.16851969063282013
0,788,0.14823128283023834
0,789,0.2118956446647644
0,790,0.14627473056316376
0,791,0.14242827892303467
0,792,0.20312605798244476
0,793,0.1731114387512207
0,794,0.11243382096290588
0,795,0.2208315134048462
0,796,0.20982769131660461
0,797,0.15116316080093384
0,798,0.20090214908123016
0,799,0.1918097287416458
0,800,0.266499400138855
0,801,0.18516987562179565
0,802,0.15605509281158447
0,803,0.17396587133407593
0,804,0.07370175421237946
0,805,0.19822846353054047
0,806,0.23526108264923096
0,807,0.12891244888305664
0,808,0.14931915700435638
0,809,0.17809705436229706
0,810,0.17358192801475525
0,811,0.19721299409866333
0,812,0.2091332972049713
0,813,0.17248110473155975
0,814,0.10799051076173782
0,815,0.20547202229499817
0,816,0.15879297256469727
0,817,0.1909712255001068
0,818,0.1741057187318802
0,819,0.18205785751342773
0,820,0.14162427186965942
0,821,0.18963760137557983
0,822,0.22867251932621002
0,823,0.17579320073127747
0,824,0.07536744326353073
0,825,0.06487222015857697
0,826,0.2783348560333252
0,827,0.23253485560417175
0,828,0.10424990952014923
0,829,0.175746887922287
0,830,0.2893885672092438
0,831,0.1621277928352356
0,832,0.19840005040168762
0,833,0.21886199712753296
0,834,0.1601257622241974
0,835,0.14875054359436035
0,836,0.24831730127334595
0,837,0.10819467157125473
0,838,0.18328368663787842
0,839,0.1706816554069519
0,840,0.08275581896305084
0,841,0.1199302077293396
0,842,0.39900436997413635
0,843,0.3226519227027893
0,844,0.27060461044311523
0,845,0.3642374873161316
0,846,0.25048112869262695
0,847,0.21433764696121216
0,848,0.16566720604896545
0,849,0.4743601679801941
0,850,0.13532698154449463
0,851,0.4454151391983032
0,852,0.17087838053703308
0,853,0.26068687438964844
0,854,0.23449435830116272
0,855,0.27689072489738464
0,856,0.2504246234893799
0,857,0.22341588139533997
0,858,0.1529018133878708
0,859,0.3378485143184662
0,860,0.13491185009479523
0,861,0.26827728748321533
0,862,0.24461764097213745
0,863,0.24476711452007294
0,864,0.18050169944763184
0,865,0.23188263177871704
0,866,0.21333950757980347
0,867,0.16860513389110565
0,868,0.27259063720703125
0,869,0.1971430778503418
0,870,0.16861501336097717
0,871,0.1451435089111328
0,872,0.2055063545703888
0,873,0.17078977823257446
0,874,0.1275654435157776
0,875,0.20634949207305908
0,876,0.11547519266605377
0,877,0.29260480403900146
0,878,0.19333848357200623
0,879,0.18175731599330902
0,880,0.12635821104049683
0,881,0.1346362829208374
0,882,0.19883280992507935
0,883,0.2606447637081146
0,884,0.20488080382347107
0,885,0.187835693359375
0,886,0.2436356246471405
0,887,0.15636813640594482
0,888,0.17762520909309387
0,889,0.13205868005752563
0,890,0.18213112652301788
0,891,0.17808379232883453
0,892,0.1811855137348175
0,893,0.1404411792755127
0,894,0.10923057794570923
0,895,0.07976581156253815
0,896,0.35376256704330444
0,897,0.0807882621884346
0,898,0.161081925034523
0,899,0.13478393852710724
0,900,0.15629126131534576
0,901,0.18251727521419525
0,902,0.14804041385650635
0,903,0.15074357390403748
0,904,0.1027512177824974
0,905,0.09481067210435867
0,906,0.2105461061000824
0,907,0.19250625371932983
0,908,0.17951539158821106
0,909,0.15619686245918274
0,910,0.16143657267093658
0,911,0.17205503582954407
0,912,0.12821000814437866
0,913,0.18463629484176636
0,914,0.13603955507278442
0,915,0.19664010405540466
0,916,0.1086302250623703
0,917,0.08579491823911667
0,918,0.10757464170455933
0,919,0.11483219265937805
0,920,0.5117470622062683
0,921,0.10473963618278503
0,922,0.08708496391773224
0,923,0.16452501714229584
0,924,0.17982050776481628
0,925,0.17877376079559326
0,926,0.17795713245868683
0,927,0.18615704774856567
0,928,0.28163886070251465
0,929,0.20039311051368713
0,930,0.24210697412490845
0,931,0.20025086402893066
0,932,0.21967333555221558
0,933,0.17175817489624023
0,934,0.22613570094108582
0,935,0.12668155133724213
0,936,0.10926675796508789
0,937,0.18244817852973938
0,938,0.09105613082647324
0,939,0.07467285543680191
0,940,0.06292414665222168
0,941,0.11990625411272049
0,942,0.3321837782859802
0,943,0.16184353828430176
0,944,0.17484727501869202
0,945,0.24182485044002533
0,946,0.20414018630981445
0,947,0.20241253077983856
0,948,0.16683372855186462
0,949,0.10507498681545258
0,950,0.2949100732803345
0,951,0.2219502031803131
0,952,0.18044380843639374
0,953,0.14610075950622559
0,954,0.16952988505363464
0,955,0.17915618419647217
0,956,0.15633797645568848
0,957,0.16259638965129852
0,958,0.11499745398759842
0,959,0.16486090421676636
0,960,0.18692874908447266
0,961,0.08250600844621658
0,962,0.19879768788814545
0,963,0.23747211694717407
0,964,0.303363561630249
0,965,0.2478255331516266
0,966,0.23182448744773865
0,967,0.2275671660900116
0,968,0.23199699819087982
0,969,0.19806024432182312
0,970,0.1172257661819458
0,971,0.27181562781333923
0,972,0.10793757438659668
0,973,0.3137120008468628
0,974,0.20300894975662231
0,975,0.18883374333381653
0,976,0.17765600979328156
0,977,0.22036969661712646
0,978,0.19186300039291382
0,979,0.16262049973011017
0,980,0.27974390983581543
0,981,0.22657407820224762
0,982,0.18466508388519287
0,983,0.2581465244293213
0,984,0.1620587706565857
0,985,0.2718360722064972
0,986,0.18846435844898224
0,987,0.25573065876960754
0,988,0.170784592628479
0,989,0.19604824483394623
0,990,0.19966386258602142
0,991,0.15547946095466614
0,992,0.2591133415699005
0,993,0.14692139625549316
0,994,0.21250247955322266
0,995,0.20822343230247498
0,996,0.2653895616531372
0,997,0.34311240911483765
0,998,0.20014417171478271
0,999,0.262159526348114
0,1000,0.19170761108398438
0,1001,0.22166183590888977
0,1002,0.21831469237804413
0,1003,0.24599283933639526
0,1004,0.20481665432453156
0,1005,0.2835649251937866
0,1006,0.2789117991924286
0,1007,0.30608975887298584
0,1008,0.2381848841905594
0,1009,0.30098193883895874
0,1010,0.2634371519088745
0,1011,0.1873687356710434
0,1012,0.28209078311920166
0,1013,0.1675775647163391
0,1014,0.19539833068847656
0,1015,0.2092541605234146
0,1016,0.08059564977884293
0,1017,0.18552419543266296
0,1018,0.09665856510400772
0,1019,0.19295929372310638
0,1020,0.10304417461156845
0,1021,0.08258472383022308
0,1022,0.0893762856721878
0,1023,0.2089511901140213
0,1024,0.29987505078315735
0,1025,0.11888782680034637
0,1026,0.22964563965797424
0,1027,0.11602681130170822
0,1028,0.17314089834690094
0,1029,0.23815612494945526
0,1030,0.16520389914512634
0,1031,0.16611826419830322
0,1032,0.12826396524906158
0,1033,0.11488066613674164
0,1034,0.19963185489177704
0,1035,0.30553722381591797
0,1036,0.09969058632850647
0,1037,0.19179143011569977
0,1038,0.2666715681552887
0,1039,0.24398958683013916
0,1040,0.28914350271224976
0,1041,0.2082056999206543
0,1042,0.22031418979167938
0,1043,0.20207709074020386
0,1044,0.11566953361034393
0,1045,0.08007955551147461
0,1046,0.2415049970149994
0,1047,0.2454172968864441
0,1048,0.20018357038497925
0,1049,0.1906377226114273
0,1050,0.19839143753051758
0,1051,0.1500953733921051
0,1052,0.2389601171016693
0,1053,0.4719994366168976
0,1054,0.28304195404052734
0,1055,0.22497697174549103
0,1056,0.17760497331619263
0,1057,0.4631460905075073
0,1058,0.40038543939590454
0,1059,0.2535652816295624
0,1060,0.3606001138687134
0,1061,0.3978393077850342
0,1062,0.30330467224121094
0,1063,0.18872463703155518
0,1064,0.24326249957084656
0,1065,0.37602096796035767
0,1066,0.2336277961730957
0,1067,0.21156668663024902
0,1068,0.17753714323043823
0,1069,0.2843942940235138
0,1070,0.26566317677497864
0,1071,0.21870827674865723
0,1072,0.13878846168518066
0,1073,0.17247381806373596
0,1074,0.13575737178325653
0,1075,0.1929583102464676
0,1076,0.11560779064893723
0,1077,0.4214518666267395
0,1078,0.08674127608537674
0,1079,0.21248266100883484
0,1080,0.21976295113563538
0,1081,0.23621727526187897
0,1082,0.23198306560516357
0,1083,0.15045568346977234
0,1084,0.3190198242664337
0,1085,0.17958417534828186
0,1086,0.3825184404850006
0,1087,0.18792834877967834
0,1088,0.2401309609413147
0,1089,0.18713676929473877
0,1090,0.28202617168426514
0,1091,0.29150789976119995
0,1092,0.18038587272167206
0,1093,0.254903644323349
0,1094,0.16927140951156616
0,1095,0.21424061059951782
0,1096,0.14746640622615814
0,1097,0.2722882032394409
0,1098,0.12828022241592407
0,1099,0.1272447109222412
0,1100,0.2461489737033844
0,1101,0.18423029780387878
0,1102,0.20537202060222626
0,1103,0.1847459375858307
0,1104,0.294967383146286
0,1105,0.25005054473876953
0,1106,0.18676137924194336
0,1107,0.17836444079875946
0,1108,0.10015138983726501
0,1109,0.11708192527294159
0,1110,0.23656275868415833
0,1111,0.11318270862102509
0,1112,0.32484790682792664
0,1113,0.18532410264015198
0,1114,0.2053864598274231
0,1115,0.23670120537281036
0,1116,0.1449621319770813
0,1117,0.22895805537700653
0,1118,0.09399102628231049
0,1119,0.08118142932653427
0,1120,0.08456737548112869
0,1121,0.08139912784099579
0,1122,0.19997240602970123
0,1123,0.23301158845424652
0,1124,0.08489271998405457
0,1125,0.11119857430458069
0,1126,0.19930388033390045
0,1127,0.191306471824646
0,1128,0.2526218891143799
0,1129,0.2437797486782074
0,1130,0.201236754655838
0,1131,0.1234068050980568
0,1132,0.25597071647644043
0,1133,0.17144271731376648
0,1134,0.31382447481155396
0,1135,0.127725750207901
0,1136,0.15928581357002258
0,1137,0.14824730157852173
0,1138,0.1781018078327179
0,1139,0.15671351552009583
0,1140,0.1558656096458435
0,1141,0.21075080335140228
0,1142,0.14917412400245667
0,1143,0.2539860010147095
0,1144,0.20231179893016815
0,1145,0.11409060657024384
0,1146,0.1162717342376709
0,1147,0.2494184374809265
0,1148,0.12367754429578781
0,1149,0.2927089035511017
0,1150,0.1146855503320694
0,1151,0.15979880094528198
0,1152,0.16148513555526733
0,1153,0.16208823025226593
0,1154,0.07928700745105743
0,1155,0.08588297665119171
0,1156,0.11334612965583801
0,1157,0.30123624205589294
0,1158,0.3073258101940155
0,1159,0.11096242070198059
0,1160,0.21825897693634033
0,1161,0.21592400968074799
0,1162,0.2756149172782898
0,1163,0.2069130390882492
0,1164,0.23165389895439148
0,1165,0.21665382385253906
0,1166,0.18213102221488953
0,1167,0.1605391949415207
0,1168,0.1471700817346573
0,1169,0.2821393609046936
0,1170,0.1414000689983368
0,1171,0.11146607249975204
0,1172,0.1695815920829773
0,1173,0.11192575097084045
0,1174,0.20622198283672333
0,1175,0.1958739310503006
0,1176,0.17019164562225342
0,1177,0.2081906795501709
0,1178,0.2339896559715271
0,1179,0.17729905247688293
0,1180,0.14545023441314697
0,1181,0.2119554877281189
0,1182,0.1471998542547226
0,1183,0.23551499843597412
0,1184,0.1756235659122467
0,1185,0.1969032883644104
0,1186,0.16604626178741455
0,1187,0.21534138917922974
0,1188,0.28397446870803833
0,1189,0.1564008593559265
0,1190,0.1474740207195282
0,1191,0.24015095829963684
0,1192,0.23671837151050568
0,1193,0.1663202941417694
0,1194,0.13883526623249054
0,1195,0.29038333892822266
0,1196,0.08710826188325882
0,1197,0.08445325493812561
0,1198,0.17459847033023834
0,1199,0.25491103529930115
0,1200,0.19296535849571228
0,1201,0.1856929361820221
0,1202,0.20372039079666138
0,1203,0.1794261932373047
0,1204,0.2688906788825989
0,1205,0.17865633964538574
0,1206,0.2578141987323761
0,1207,0.12305000424385071
0,1208,0.3137912154197693
0,1209,0.1581341177225113
0,1210,0.19703003764152527
0,1211,0.20244377851486206
0,1212,0.17390531301498413
0,1213,0.11698989570140839
0,1214,0.09240663796663284
0,1215,0.2728298604488373
0,1216,0.26574838161468506
0,1217,0.10432030260562897
0,1218,0.16194003820419312
0,1219,0.14848142862319946
0,1220,0.15692386031150818
0,1221,0.14195522665977478
0,1222,0.22390690445899963
0,1223,0.28025075793266296
0,1224,0.2436646670103073
0,1225,0.17722243070602417
0,1226,0.30191361904144287
0,1227,0.23968751728534698
0,1228,0.20913177728652954
0,1229,0.17130441963672638
0,1230,0.2067560851573944
0,1231,0.19701825082302094
0,1232,0.15082195401191711
0,1233,0.0990581065416336
0,1234,0.2023009955883026
0,1235,0.17654404044151306
0,1236,0.2184070646762848
0,1237,0.1602104753255844
0,1238,0.14586396515369415
0,1239,0.16260457038879395
0,1240,0.15684737265110016
0,1241,0.21429027616977692
0,1242,0.11698268353939056
0,1243,0.10656773298978806
0,1244,0.351620614528656
0,1245,0.1600128412246704
0,1246,0.13407060503959656
0,1247,0.2703467607498169
0,1248,0.15724702179431915
0,1249,0.1812436282634735
0,1250,0.2760683298110962
0,1251,0.3419993817806244
0,1252,0.19725652039051056
0,1253,0.22979818284511566
0,1254,0.2063399851322174
0,1255,0.10046890377998352
0,1256,0.4174776077270508
0,1257,0.20064705610275269
0,1258,0.12866929173469543
0,1259,0.20782671868801117
0,1260,0.1852947324514389
0,1261,0.23085930943489075
0,1262,0.2394815981388092
0,1263,0.21651259064674377
0,1264,0.14153778553009033
0,1265,0.1742449551820755
0,1266,0.42209112644195557
0,1267,0.24570603668689728
0,1268,0.28120189905166626
0,1269,0.3200974464416504
0,1270,0.29773426055908203
0,1271,0.43343478441238403
0,1272,0.25293034315109253
1,0,0.22831447422504425
1,1,0.2899011969566345
1,2,0.24262014031410217
1,3,0.17824864387512207
1,4,0.22093872725963593
1,5,0.30950668454170227
1,6,0.21337591111660004
1,7,0.19064384698867798
1,8,0.16495969891548157
1,9,0.22648948431015015
1,10,0.15971976518630981
1,11,0.17600007355213165
1,12,0.29920607805252075
1,13,0.16541503369808197
1,14,0.153441920876503
1,15,0.20699210464954376
1,16,0.24857687950134277
1,17,0.13094520568847656
1,18,0.09027143567800522
1,19,0.15494200587272644
1,20,0.15303920209407806
1,21,0.14224521815776825
1,22,0.11913430690765381
1,23,0.22241805493831635
1,24,0.18815697729587555
1,25,0.1251077800989151
1,26,0.14070066809654236
1,27,0.14413237571716309
1,28,0.16430425643920898
1,29,0.11661720275878906
1,30,0.16829897463321686
1,31,0.09565819799900055
1,32,0.11296795308589935
1,33,0.2706054449081421
1,34,0.14642566442489624
1,35,0.2286434769630432
1,36,0.16748613119125366
1,37,0.24585604667663574
1,38,0.12523460388183594
1,39,0.20560628175735474
1,40,0.1876177340745926
1,41,0.15820373594760895
1,42,0.19185151159763336
1,43,0.13358145952224731
1,44,0.1297604739665985
1,45,0.14577408134937286
1,46,0.07985100895166397
1,47,0.31071099638938904
1,48,0.08896398544311523
1,49,0.1401815265417099
1,50,0.2501780688762665
1,51,0.16462016105651855
1,52,0.19865383207798004
1,53,0.18232588469982147
1,54,0.1490054726600647
1,55,0.12202954292297363
1,56,0.32000190019607544
1,57,0.1601325422525406
1,58,0.14042189717292786
1,59,0.1988162100315094
1,60,0.18330109119415283
1,61,0.24173937737941742
1,62,0.1664242148399353
1,63,0.2255377471446991
1,64,0.10306334495544434
1,65,0.09061029553413391
1,66,0.2640584111213684
1,67,0.11683118343353271
1,68,0.24547268450260162
1,69,0.26250097155570984
1,70,0.1929876208305359
1,71,0.20624351501464844
1,72,0.19387739896774292
1,73,0.2224101722240448
1,74,0.10772192478179932
1,75,0.11572006344795227
1,76,0.25773024559020996
1,77,0.11693236976861954
1,78,0.1980462372303009
1,79,0.17151522636413574
1,80,0.20380932092666626
1,81,0.12236993759870529
1,82,0.16657863557338715
1,83,0.1754104346036911
1,84,0.20033767819404602
1,85,0.12220454961061478
1,86,0.26566195487976074
1,87,0.26003411412239075
1,88,0.17660897970199585
1,89,0.20526644587516785
1,90,0.16569700837135315
1,91,0.16118118166923523
1,92,0.19595268368721008
1,93,0.10938680171966553
1,94,0.1852366328239441
1,95,0.20801123976707458
1,96,0.14074715971946716
1,97,0.20473192632198334
1,98,0.1309518814086914
1,99,0.11229480057954788
1,100,0.11779320240020752
1,101,0.27286002039909363
1,102,0.20032045245170593
1,103,0.17610105872154236
1,104,0.15362979471683502
1,105,0.18875300884246826
1,106,0.16542530059814453
1,107,0.1520886868238449
1,108,0.17472398281097412
1,109,0.1605253666639328
1,110,0.1710207164287567
1,111,0.09656640887260437
1,112,0.0754900798201561
1,113,0.09450304508209229
1,114,0.19302399456501007
1,115,0.08099773526191711
1,116,0.19325947761535645
1,117,0.24902738630771637
1,118,0.19736304879188538
1,119,0.21468466520309448
1,120,0.22533342242240906
1,121,0.19641757011413574
1,122,0.10887839645147324
1,123,0.22031529247760773
1,124,0.15516254305839539
1,125,0.11752212792634964
1,126,0.20162108540534973
1,127,0.10084539651870728
1,128,0.17238523066043854
1,129,0.13893577456474304
1,130,0.1464782953262329
1,131,0.10092109441757202
1,132,0.2092825025320053
1,133,0.13673259317874908
1,134,0.19557525217533112
1,135,0.17544184625148773
1,136,0.14914242923259735
1,137,0.15610986948013306
1,138,0.1723494827747345
1,139,0.25382763147354126
1,140,0.1975221037864685
1,141,0.2359325885772705
1,142,0.21828094124794006
1,143,0.15441679954528809
1,144,0.1894081085920334
1,145,0.23434793949127197
1,146,0.24815253913402557
1,147,0.15072984993457794
1,148,0.1629783809185028
1,149,0.1479974389076233
1,150,0.11912152916193008
1,151,0.20991457998752594
1,152,0.22188282012939453
1,153,0.18231289088726044
1,154,0.09702412039041519
1,155,0.24027004837989807
1,156,0.1951342523097992
1,157,0.16726119816303253
1,158,0.19504064321517944
1,159,0.250662624835968
1,160,0.2001829594373703
1,161,0.1968972086906433
1,162,0.1786378026008606
1,163,0.13494807481765747
1,164,0.190422922372818
1,165,0.2066144049167633
1,166,0.06103898584842682
1,167,0.06370516866445541
1,168,0.11966773867607117
1,169,0.38990387320518494
1,170,0.18536072969436646
1,171,0.2026270478963852
1,172,0.29144996404647827
1,173,0.26300615072250366
1,174,0.18284377455711365
1,175,0.1522940695285797
1,176,0.21684163808822632
1,177,0.17100971937179565
1,178,0.1612909585237503
1,179,0.13519485294818878
1,180,0.29513561725616455
1,181,0.25394755601882935
1,182,0.16145168244838715
1,183,0.18426604568958282
1,184,0.14666591584682465
1,185,0.2590606212615967
1,186,0.19729864597320557
1,187,0.11012791097164154
1,188,0.10979480296373367
1,189,0.10098392516374588
1,190,0.20099566876888275
1,191,0.13114236295223236
1,192,0.21019551157951355
1,193,0.24052073061466217
1,194,0.09831054508686066
1,195,0.14009034633636475
1,196,0.18711867928504944
1,197,0.16214042901992798
1,198,0.294018417596817
1,199,0.17345204949378967
1,200,0.2500489354133606
1,201,0.16020166873931885
1,202,0.19305850565433502
1,203,0.18058118224143982
1,204,0.12986433506011963
1,205,0.25295448303222656
1,206,0.10153111815452576
1,207,0.15433356165885925
1,208,0.23304155468940735
1,209,0.1571750044822693
1,210,0.20173379778862
1,211,0.25783371925354004
1,212,0.14120128750801086
1,213,0.19769185781478882
1,214,0.18277063965797424
1,215,0.2317226231098175
1,216,0.1487799882888794
1,217,0.19213803112506866
1,218,0.15995189547538757
1,219,0.18490667641162872
1,220,0.20596817135810852
1,221,0.20081904530525208
1,222,0.18504701554775238
1,223,0.2218020111322403
1,224,0.1838601976633072
1,225,0.13197927176952362
1,226,0.11254800856113434
1,227,0.23865894973278046
1,228,0.14619240164756775
1,229,0.19010275602340698
1,230,0.13977526128292084
1,231,0.13091760873794556
1,232,0.19591215252876282
1,233,0.16928471624851227
1,234,0.11238811165094376
1,235,0.16392149031162262
1,236,0.14944928884506226
1,237,0.1270318627357483
1,238,0.1915082186460495
1,239,0.21201366186141968
1,240,0.15542306005954742
1,241,0.19086843729019165
1,242,0.17325836420059204
1,243,0.19682064652442932
1,244,0.23069803416728973
1,245,0.13806192576885223
1,246,0.28361940383911133
1,247,0.1725788712501526
1,248,0.16625621914863586
1,249,0.2067267894744873
1,250,0.0821199119091034
1,251,0.09348419308662415
1,252,0.11005990207195282
1,253,0.19134366512298584
1,254,0.0862312987446785
1,255,0.2697219252586365
1,256,0.08005370199680328
1,257,0.19169369339942932
1,258,0.1976303607225418
1,259,0.12341881543397903
1,260,0.17261505126953125
1,261,0.16271552443504333
1,262,0.11896101385354996
1,263,0.09300803393125534
1,264,0.11063450574874878
1,265,0.5577982068061829
1,266,0.19887900352478027
1,267,0.14970681071281433
1,268,0.14439570903778076
1,269,0.16678190231323242
1,270,0.217850923538208
1,271,0.1011962890625
1,272,0.2686539590358734
1,273,0.20855876803398132
1,274,0.32871556282043457
1,275,0.23211804032325745
1,276,0.13024675846099854
1,277,0.21805034577846527
1,278,0.28080499172210693
1,279,0.11170400679111481
1,280,0.27690544724464417
1,281,0.134344682097435
1,282,0.24360089004039764
1,283,0.2741321623325348
1,284,0.17667311429977417
1,285,0.1876637041568756
1,286,0.17800471186637878
1,287,0.2061556726694107
1,288,0.33121779561042786
1,289,0.1820230484008789
1,290,0.17456740140914917
1,291,0.2847408056259155
1,292,0.24278242886066437
1,293,0.18605291843414307
1,294,0.16399343311786652
1,295,0.14291976392269135
1,296,0.12537124752998352
1,297,0.14162114262580872
1,298,0.06448101997375488
1,299,0.18488247692584991
1,300,0.14275075495243073
1,301,0.17235173285007477
1,302,0.09842326492071152
1,303,0.16877907514572144
1,304,0.1395886391401291
1,305,0.11671734601259232
1,306,0.11064526438713074
1,307,0.18905799090862274
1,308,0.11634720116853714
1,309,0.20195583999156952
1,310,0.1559220254421234
1,311,0.2053627222776413
1,312,0.14382360875606537
1,313,0.19616973400115967
1,314,0.19071157276630402
1,315,0.20251354575157166
1,316,0.1716839075088501
1,317,0.1409992128610611
1,318,0.21256296336650848
1,319,0.18797941505908966
1,320,0.286202073097229
1,321,0.10701435059309006
1,322,0.20077718794345856
1,323,0.10506101697683334
1,324,0.2264588177204132
1,325,0.12456779181957245
1,326,0.16491584479808807
1,327,0.1553490161895752
1,328,0.20349937677383423
1,329,0.15629175305366516
1,330,0.16221004724502563
1,331,0.180378720164299
1,332,0.16520795226097107
1,333,0.13720113039016724
1,334,0.17362269759178162
1,335,0.14428934454917908
1,336,0.1753711700439453
1,337,0.08413448929786682
1,338,0.2682878375053406
1,339,0.16793450713157654
1,340,0.14477598667144775
1,341,0.1438579261302948
1,342,0.17228400707244873
1,343,0.21692262589931488
1,344,0.12518274784088135
1,345,0.1657000631093979
1,346,0.16687162220478058
1,347,0.17874780297279358
1,348,0.09982627630233765
1,349,0.25802040100097656
1,350,0.11077714711427689
1,351,0.14425626397132874
1,352,0.16726379096508026
1,353,0.09680331498384476
1,354,0.07900402694940567
1,355,0.30942562222480774
1,356,0.09969731420278549
1,357,0.11110048741102219
1,358,0.22894980013370514
1,359,0.1342500001192093
1,360,0.11424222588539124
1,361,0.2721458077430725
1,362,0.13120540976524353
1,363,0.23277615010738373
1,364,0.16305309534072876
1,365,0.1573183536529541
1,366,0.18422062695026398
1,367,0.1310432404279709
1,368,0.1399688422679901
1,369,0.11442510783672333
1,370,0.20838123559951782
1,371,0.19146545231342316
1,372,0.12124642729759216
1,373,0.1527559459209442
1,374,0.11486954987049103
1,375,0.10100443661212921
1,376,0.1768365502357483
1,377,0.20452864468097687
1,378,0.1749122142791748
1,379,0.13400600850582123
1,380,0.11400575935840607
1,381,0.1788722574710846
1,382,0.1846485733985901
1,383,0.09241920709609985
1,384,0.12969815731048584
1,385,0.1554260551929474
1,386,0.1732976883649826
1,387,0.15435880422592163
1,388,0.13639792799949646
1,389,0.1519021987915039
1,390,0.16061505675315857
1,391,0.1610802561044693
1,392,0.14340858161449432
1,393,0.3621067404747009
1,394,0.13250850141048431
1,395,0.14301519095897675
1,396,0.18720100820064545
1,397,0.1706666648387909
1,398,0.0727374255657196
1,399,0.0814732015132904
1,400,0.21539047360420227
1,401,0.09028375148773193
1,402,0.2806570529937744
1,403,0.13587352633476257
1,404,0.1670457273721695
1,405,0.16735832393169403
1,406,0.13657143712043762
1,407,0.18136072158813477
1,408,0.08034630864858627
1,409,0.33902016282081604
1,410,0.08212994039058685
1,411,0.1539842188358307
1,412,0.25556302070617676
1,413,0.16843122243881226
1,414,0.2119394838809967
1,415,0.18160614371299744
1,416,0.1703776717185974
1,417,0.14873337745666504
1,418,0.17547151446342468
1,419,0.08073514699935913
1,420,0.2671944200992584
1,421,0.1999029666185379
1,422,0.21319469809532166
1,423,0.15869379043579102
1,424,0.3230251669883728
1,425,0.28287482261657715
1,426,0.21085679531097412
1,427,0.15528933703899384
1,428,0.23206187784671783
1,429,0.3087093234062195
1,430,0.1967928260564804
1,431,0.2638772130012512
1,432,0.21012210845947266
1,433,0.272771954536438
1,434,0.3500223457813263
1,435,0.2187047302722931
1,436,0.13790136575698853
1,437,0.1360207349061966
1,438,0.3782690465450287
1,439,0.3259766399860382
1,440,0.10716409236192703
1,441,0.18695957958698273
1,442,0.27386748790740967
1,443,0.21944087743759155
1,444,0.27326512336730957
1,445,0.3392426371574402
1,446,0.19072023034095764
1,447,0.19923871755599976
1,448,0.11561967432498932
1,449,0.22699056565761566
1,450,0.1399150788784027
1,451,0.11067159473896027
1,452,0.09678535163402557
1,453,0.07758122682571411
1,454,0.1682053804397583
1,455,0.16008245944976807
1,456,0.168225958943367
1,457,0.10789740085601807
1,458,0.2114308476448059
1,459,0.2366379201412201
1,460,0.20257097482681274
1,461,0.20760013163089752
1,462,0.22341489791870117
1,463,0.20310565829277039
1,464,0.17063915729522705
1,465,0.22514471411705017
1,466,0.1587495505809784
1,467,0.15734687447547913
1,468,0.2643450200557709
1,469,0.20059773325920105
1,470,0.17557723820209503
1,471,0.1896231323480606
1,472,0.1949610412120819
1,473,0.1622115671634674
1,474,0.11601898074150085
1,475,0.09413714706897736
1,476,0.09758425503969193
1,477,0.24365860223770142
1,478,0.19835850596427917
1,479,0.21209678053855896
1,480,0.1301746815443039
1,481,0.14249004423618317
1,482,0.13915549218654633
1,483,0.20886307954788208
1,484,0.23564988374710083
1,485,0.19100415706634521
1,486,0.12244945764541626
1,487,0.15923240780830383
1,488,0.08893532305955887
1,489,0.11161886155605316
1,490,0.19722703099250793
1,491,0.20243960618972778
1,492,0.2182953953742981
1,493,0.18642683327198029
1,494,0.20374047756195068
1,495,0.16302284598350525
1,496,0.3322083353996277
1,497,0.22092531621456146
1,498,0.1435832977294922
1,499,0.21830737590789795
1,500,0.28743496537208557
1,501,0.1151990294456482
1,502,0.29295212030410767
1,503,0.18200179934501648
1,504,0.18402394652366638
1,505,0.1971387267112732
1,506,0.16843950748443604
1,507,0.16889911890029907
1,508,0.1778525412082672
1,509,0.2118941992521286
1,510,0.18369682133197784
1,511,0.23210103809833527
1,512,0.23555976152420044
1,513,0.2126522958278656
1,514,0.31188780069351196
1,515,0.30706554651260376
1,516,0.13671991229057312
1,517,0.3936408758163452
1,518,0.23634839057922363
1,519,0.15625885128974915
1,520,0.21644116938114166
1,521,0.2548278272151947
1,522,0.20690643787384033
1,523,0.18847058713436127
1,524,0.188116192817688
1,525,0.20531687140464783
1,526,0.10830705612897873
1,527,0.17865502834320068
1,528,0.3057374954223633
1,529,0.16107068955898285
1,530,0.1512187421321869
1,531,0.22235402464866638
1,532,0.1829579770565033
1,533,0.17464858293533325
1,534,0.1941482275724411
1,535,0.11435746401548386
1,536,0.10045278072357178
1,537,0.15557661652565002
1,538,0.1888086050748825
1,539,0.1064533144235611
1,540,0.11630398035049438
1,541,0.1473730355501175
1,542,0.18489748239517212
1,543,0.3271423876285553
1,544,0.1943831741809845
1,545,0.29150694608688354
1,546,0.22775757312774658
1,547,0.17851415276527405
1,548,0.20675234496593475
1,549,0.18673735857009888
1,550,0.2256711721420288
1,551,0.19284065067768097
1,552,0.15753042697906494
1,553,0.22594591975212097
1,554,0.17422056198120117
1,555,0.23157411813735962
1,556,0.27663642168045044
1,557,0.20746663212776184
1,558,0.20511341094970703
1,559,0.17298167943954468
1,560,0.210543692111969
1,561,0.17911028861999512
1,562,0.2600398659706116
1,563,0.1996728777885437
1,564,0.19428065419197083
1,565,0.13122019171714783
1,566,0.15680164098739624
1,567,0.22088421881198883
1,568,0.1584264636039734
1,569,0.11083532869815826
1,570,0.23712725937366486
1,571,0.13767915964126587
1,572,0.17823633551597595
1,573,0.11956191062927246
1,574,0.15393230319023132
1,575,0.290983110666275
1,576,0.18691352009773254
1,577,0.18130318820476532
1,578,0.15558986365795135
1,579,0.1882912963628769
1,580,0.19378778338432312
1,581,0.23458915948867798
1,582,0.17811469733715057
1,583,0.2016110122203827
1,584,0.2525240480899811
1,585,0.18504711985588074
1,586,0.11864398419857025
1,587,0.44003236293792725
1,588,0.17567819356918335
1,589,0.11300049722194672
1,590,0.1426554024219513
1,591,0.12775179743766785
1,592,0.11656351387500763
1,593,0.3054903745651245
1,594,0.3207298815250397
1,595,0.20514267683029175
1,596,0.23359960317611694
1,597,0.2052876353263855
1,598,0.14725814759731293
1,599,0.24613362550735474
1,600,0.20185330510139465
1,601,0.2322797179222107
1,602,0.41553518176078796
1,603,0.13392962515354156
1,604,0.18914508819580078
1,605,0.20945177972316742
1,606,0.146913543343544
1,607,0.16867414116859436
1,608,0.20863750576972961
1,609,0.17395399510860443
1,610,0.24108728766441345
1,611,0.16671328246593475
1,612,0.18851220607757568
1,613,0.1967906802892685
1,614,0.1890985667705536
1,615,0.13218264281749725
1,616,0.11520447582006454
1,617,0.3060128688812256
1,618,0.14549894630908966
1,619,0.19118809700012207
1,620,0.15261879563331604
1,621,0.16520896553993225
1,622,0.16110776364803314
1,623,0.1552041620016098
1,624,0.1411704272031784
1,625,0.14729440212249756
1,626,0.11959429085254669
1,627,0.14357368648052216
1,628,0.12593534588813782
1,629,0.08845597505569458
1,630,0.11193574219942093
1,631,0.310228556394577
1,632,0.1994275003671646
1,633,0.16962796449661255
1,634,0.166707843542099
1,635,0.1952991485595703
1,636,0.21283750236034393
1,637,0.15655392408370972
1,638,0.17006471753120422
1,639,0.18715935945510864
1,640,0.14746199548244476
1,641,0.2569739818572998
1,642,0.1535683572292328
1,643,0.18176297843456268
1,644,0.2686145603656769
1,645,0.23906777799129486
1,646,0.23658622801303864
1,647,0.2150178849697113
1,648,0.16118790209293365
1,649,0.12115287780761719
1,650,0.14437827467918396
1,651,0.3036714792251587
1,652,0.17563244700431824
1,653,0.1793442666530609
1,654,0.1947440207004547
1,655,0.15626150369644165
1,656,0.17878729104995728
1,657,0.15785926580429077
1,658,0.1981513500213623
1,659,0.1399713158607483
1,660,0.09273742139339447
1,661,0.24269402027130127
1,662,0.13246190547943115
1,663,0.12992167472839355
1,664,0.1512385606765747
1,665,0.1915310174226761
1,666,0.17045634984970093
1,667,0.1802414059638977
1,668,0.17669866979122162
1,669,0.18349245190620422
1,670,0.14980879426002502
1,671,0.2161385715007782
1,672,0.15991249680519104
1,673,0.06797462701797485
1,674,0.1874447762966156
1,675,0.2164260745048523
1,676,0.2774885296821594
1,677,0.1059761717915535
1,678,0.3290442228317261
1,679,0.20423154532909393
1,680,0.23289966583251953
1,681,0.26348382234573364
1,682,0.23364844918251038
1,683,0.22144249081611633
1,684,0.18907316029071808
1,685,0.1949787139892578
1,686,0.18451306223869324
1,687,0.16632312536239624
1,688,0.283888041973114
1,689,0.2305503785610199
1,690,0.19846504926681519
1,691,0.13813288509845734
1,692,0.17434892058372498
1,693,0.2047593891620636
1,694,0.3376001715660095
1,695,0.09139857441186905
1,696,0.2107074111700058
1,697,0.2165951430797577
1,698,0.2626325786113739
1,699,0.16684181988239288
1,700,0.18323808908462524
1,701,0.14420290291309357
1,702,0.14817771315574646
1,703,0.14278852939605713
1,704,0.3248646557331085
1,705,0.2003873586654663
1,706,0.1479312628507614
1,707,0.22541362047195435
1,708,0.14421263337135315
1,709,0.20080789923667908
1,710,0.24383848905563354
1,711,0.18718786537647247
1,712,0.371049165725708
1,713,0.09722395241260529
1,714,0.21019840240478516
1,715,0.22097070515155792
1,716,0.1855984330177307
1,717,0.16309833526611328
1,718,0.2583373785018921
1,719,0.19525545835494995
1,720,0.09961602091789246
1,721,0.16803638637065887
1,722,0.17675361037254333
1,723,0.21739336848258972
1,724,0.1926352083683014
1,725,0.18086665868759155
1,726,0.21545347571372986
1,727,0.18520259857177734
1,728,0.24291908740997314
1,729,0.1733507663011551
1,730,0.17390498518943787
1,731,0.07268137484788895
1,732,0.16786275804042816
1,733,0.09869997203350067
1,734,0.23237639665603638
1,735,0.2007690668106079
1,736,0.10056458413600922
1,737,0.17318031191825867
1,738,0.12787511944770813
1,739,0.13994614779949188
1,740,0.1260152906179428
1,741,0.17750488221645355
1,742,0.17338307201862335
1,743,0.16839294135570526
1,744,0.18011394143104553
1,745,0.23714697360992432
1,746,0.15881553292274475
1,747,0.1329369843006134
1,748,0.21161457896232605
1,749,0.2156507670879364
1,750,0.214485764503479
1,751,0.1815263330936432
1,752,0.19523613154888153
1,753,0.2149111032485962
1,754,0.12382996082305908
1,755,0.2469891756772995
1,756,0.21813121438026428
1,757,0.1606016606092453
1,758,0.16203302145004272
1,759,0.3938237428665161
1,760,0.32845938205718994
1,761,0.21597920358181
1,762,0.21028706431388855
1,763,0.20993714034557343
1,764,0.3493732511997223
1,765,0.23624476790428162
1,766,0.2655477523803711
1,767,0.22299835085868835
1,768,0.16394531726837158
1,769,0.166788250207901
1,770,0.15037097036838531
1,771,0.17944708466529846
1,772,0.17112547159194946
1,773,0.1403440535068512
1,774,0.18802955746650696
1,775,0.15655159950256348
1,776,0.2525109052658081
1,777,0.18546165525913239
1,778,0.10271894186735153
1,779,0.39788520336151123
1,780,0.35719794034957886
1,781,0.18650856614112854
1,782,0.18701303005218506
1,783,0.288479208946228
1,784,0.5833158493041992
1,785,0.21549832820892334
1,786,0.19805240631103516
1,787,0.258236289024353
1,788,0.29736191034317017
1,789,0.4595468044281006
1,790,0.1329895257949829
1,791,0.27066439390182495
1,792,0.19156824052333832
1,793,0.1923157274723053
1,794,0.22835905849933624
1,795,0.20194405317306519
1,796,0.360470175743103
1,797,0.44032561779022217
1,798,0.22742752730846405
1,799,0.2665662169456482
1,800,0.13574346899986267
1,801,0.2449416071176529
1,802,0.3548261821269989
1,803,0.239402636885643
1,804,0.20313943922519684
1,805,0.17420589923858643
1,806,0.2032402753829956
1,807,0.1806831657886505
1,808,0.26776188611984253
1,809,0.2330857217311859
1,810,0.1819487065076828
1,811,0.24938154220581055
1,812,0.16674646735191345
1,813,0.18893963098526
1,814,0.20390918850898743
1,815,0.1498814821243286
1,816,0.16060350835323334
1,817,0.4245041012763977
1,818,0.1959407776594162
1,819,0.1492655873298645
1,820,0.23715491592884064
1,821,0.17048820853233337
1,822,0.15071269869804382
1,823,0.15572360157966614
1,824,0.17730382084846497
1,825,0.15137723088264465
1,826,0.14248862862586975
1,827,0.16482894122600555
1,828,0.17155495285987854
1,829,0.16560636460781097
1,830,0.10181921720504761
1,831,0.19561076164245605
1,832,0.10287033021450043
1,833,0.19695132970809937
1,834,0.18479448556900024
1,835,0.1243385300040245
1,836,0.10679470002651215
1,837,0.06372047960758209
1,838,0.2644196152687073
1,839,0.23246251046657562
1,840,0.19323168694972992
1,841,0.19563472270965576
1,842,0.17524385452270508
1,843,0.21740704774856567
1,844,0.1468944102525711
1,845,0.2469034492969513
1,846,0.2256164848804474
1,847,0.21299174427986145
1,848,0.27515318989753723
1,849,0.2659572958946228
1,850,0.2559196352958679
1,851,0.17334836721420288
1,852,0.1811477243900299
1,853,0.14890670776367188
1,854,0.21495163440704346
1,855,0.1048223003745079
1,856,0.17746159434318542
1,857,0.2182576060295105
1,858,0.12115085124969482
1,859,0.23120556771755219
1,860,0.218155175447464
1,861,0.19296661019325256
1,862,0.27476435899734497
1,863,0.22966675460338593
1,864,0.239884614944458
1,865,0.18671932816505432
1,866,0.16834425926208496
1,867,0.16481074690818787
1,868,0.22931930422782898
1,869,0.20863088965415955
1,870,0.20607268810272217
1,871,0.3009403944015503
1,872,0.18661290407180786
1,873,0.18311813473701477
1,874,0.1794600486755371
1,875,0.16897690296173096
1,876,0.17755305767059326
1,877,0.20571237802505493
1,878,0.1548299789428711
1,879,0.09635044634342194
1,880,0.09241631627082825
1,881,0.18327191472053528
1,882,0.25801363587379456
1,883,0.1029312014579773
1,884,0.14785067737102509
1,885,0.13524822890758514
1,886,0.15472003817558289
1,887,0.1484483927488327
1,888,0.15397964417934418
1,889,0.1244029626250267
1,890,0.08767920732498169
1,891,0.09299205988645554
1,892,0.46249619126319885
1,893,0.3523772060871124
1,894,0.1235085129737854
1,895,0.30392077565193176
1,896,0.28815585374832153
1,897,0.1809689998626709
1,898,0.2696288228034973
1,899,0.30821582674980164
1,900,0.22220879793167114
1,901,0.18411791324615479
1,902,0.21443217992782593
1,903,0.22595790028572083
1,904,0.20562651753425598
1,905,0.2229267656803131
1,906,0.21168187260627747
1,907,0.11198626458644867
1,908,0.14200569689273834
1,909,0.1637718379497528
1,910,0.4323540925979614
1,911,0.09225974977016449
1,912,0.1930234730243683
1,913,0.17139455676078796
1,914,0.20662817358970642
1,915,0.29842400550842285
1,916,0.2531852722167969
1,917,0.2420717179775238
1,918,0.21542179584503174
1,919,0.30661720037460327
1,920,0.15331946313381195
1,921,0.11577653884887695
1,922,0.11097639054059982
1,923,0.4238845705986023
1,924,0.14418549835681915
1,925,0.2413937747478485
1,926,0.20914146304130554
1,927,0.20390725135803223
1,928,0.14731180667877197
1,929,0.20535317063331604
1,930,0.3007439076900482
1,931,0.20497587323188782
1,932,0.3405585289001465
1,933,0.20887762308120728
1,934,0.35791879892349243
1,935,0.21135219931602478
1,936,0.20527231693267822
1,937,0.1913338154554367
1,938,0.16573737561702728
1,939,0.1913357675075531
1,940,0.21004928648471832
1,941,0.3829581141471863
1,942,0.21826621890068054
1,943,0.2184179276227951
1,944,0.31963300704956055
1,945,0.22254900634288788
1,946,0.4292035698890686
1,947,0.19670921564102173
1,948,0.17784275114536285
1,949,0.3369080126285553
1,950,0.43567511439323425
1,951,0.23035302758216858
1,952,0.2803734838962555
1,953,0.14002184569835663
1,954,0.19802242517471313
1,955,0.37136802077293396
1,956,0.19841362535953522
1,957,0.18118791282176971
1,958,0.09757205843925476
1,959,0.3938966393470764
1,960,0.11749148368835449
1,961,0.09531247615814209
1,962,0.17864824831485748
1,963,0.19007481634616852
1,964,0.10715842247009277
1,965,0.12469687312841415
1,966,0.26270079612731934
1,967,0.39956414699554443
1,968,0.12459549307823181
1,969,0.1761365532875061
1,970,0.23147210478782654
1,971,0.15658020973205566
1,972,0.19363798201084137
1,973,0.12898418307304382
1,974,0.168454110622406
1,975,0.216351717710495
1,976,0.07818540930747986
1,977,0.1829129010438919
1,978,0.18275746703147888
1,979,0.19756034016609192
1,980,0.2015291303396225
1,981,0.1507241129875183
1,982,0.18986259400844574
1,983,0.2523210346698761
1,984,0.13346779346466064
1,985,0.15189386904239655
1,986,0.13711017370224
1,987,0.15075397491455078
1,988,0.3795013129711151
1,989,0.18446201086044312
1,990,0.1471976339817047
1,991,0.15879260003566742
1,992,0.1388353705406189
1,993,0.2325950562953949
1,994,0.1651342511177063
1,995,0.2715696692466736
1,996,0.20782038569450378
1,997,0.160917729139328
1,998,0.188572496175766
1,999,0.17208363115787506
1,1000,0.17471791803836823
1,1001,0.16470149159431458
1,1002,0.090970478951931
1,1003,0.3718448877334595
1,1004,0.07609119266271591
1,1005,0.0823768824338913
1,1006,0.1602512001991272
1,1007,0.09381245076656342
1,1008,0.15936221182346344
1,1009,0.21525472402572632
1,1010,0.1704244613647461
1,1011,0.2049689143896103
1,1012,0.24324750900268555
1,1013,0.1827755868434906
1,1014,0.1879066824913025
1,1015,0.2094792127609253
1,1016,0.1575002819299698
1,1017,0.16328400373458862
1,1018,0.13588115572929382
1,1019,0.31338274478912354
1,1020,0.14249493181705475
1,1021,0.15151527523994446
1,1022,0.15481480956077576
1,1023,0.10828341543674469
1,1024,0.12102660536766052
1,1025,0.5773175954818726
1,1026,0.14635038375854492
1,1027,0.1991933435201645
1,1028,0.1906929910182953
1,1029,0.40178781747817993
1,1030,0.1862477958202362
1,1031,0.17008034884929657
1,1032,0.4404759407043457
1,1033,0.2629631757736206
1,1034,0.14072048664093018
1,1035,0.1624232530593872
1,1036,0.25573986768722534
1,1037,0.24001188576221466
1,1038,0.18736395239830017
1,1039,0.2031444013118744
1,1040,0.13288086652755737
1,1041,0.22831696271896362
1,1042,0.130748450756073
1,1043,0.2613181173801422
1,1044,0.14686010777950287
1,1045,0.1997634619474411
1,1046,0.26394122838974
1,1047,0.2201361060142517
1,1048,0.1761610209941864
1,1049,0.14447753131389618
1,1050,0.20867274701595306
1,1051,0.256469190120697
1,1052,0.1283133327960968
1,1053,0.5030763149261475
1,1054,0.24829700589179993
1,1055,0.2812642455101013
1,1056,0.3785872161388397
1,1057,0.21861518919467926
1,1058,0.19723254442214966
1,1059,0.29602593183517456
1,1060,0.16873523592948914
1,1061,0.202593594789505
1,1062,0.20214268565177917
1,1063,0.18205322325229645
1,1064,0.14958800375461578
1,1065,0.27571237087249756
1,1066,0.17726024985313416
1,1067,0.2127571702003479
1,1068,0.16664347052574158
1,1069,0.21242105960845947
1,1070,0.15223073959350586
1,1071,0.19558259844779968
1,1072,0.22918760776519775
1,1073,0.09884238243103027
1,1074,0.11240476369857788
1,1075,0.16266590356826782
1,1076,0.2676120698451996
1,1077,0.20156759023666382
1,1078,0.17513258755207062
1,1079,0.27211111783981323
1,1080,0.17102639377117157
1,1081,0.21324852108955383
1,1082,0.17141412198543549
1,1083,0.18670207262039185
1,1084,0.14955425262451172
1,1085,0.26695680618286133
1,1086,0.17450131475925446
1,1087,0.20127186179161072
1,1088,0.18924404680728912
1,1089,0.13791820406913757
1,1090,0.18731623888015747
1,1091,0.32194846868515015
1,1092,0.3306838870048523
1,1093,0.14881324768066406
1,1094,0.12169445306062698
1,1095,0.7520274519920349
1,1096,0.13935929536819458
1,1097,0.23284681141376495
1,1098,0.2123556137084961
1,1099,0.29786813259124756
1,1100,0.20424914360046387
1,1101,0.17874601483345032
1,1102,0.15758168697357178
1,1103,0.20148544013500214
1,1104,0.19964604079723358
1,1105,0.07383269816637039
1,1106,0.1680222600698471
1,1107,0.15574905276298523
1,1108,0.18318380415439606
1,1109,0.28150674700737
1,1110,0.1973813772201538
1,1111,0.15177176892757416
1,1112,0.1160702034831047
1,1113,0.12686926126480103
1,1114,0.27857911586761475
1,1115,0.15526175498962402
1,1116,0.17061612010002136
1,1117,0.2097705751657486
1,1118,0.13361702859401703
1,1119,0.1780790239572525
1,1120,0.27499765157699585
1,1121,0.16320379078388214
1,1122,0.22912506759166718
1,1123,0.2412148118019104
1,1124,0.2457348257303238
1,1125,0.35796457529067993
1,1126,0.20478548109531403
1,1127,0.11837188154459
1,1128,0.5187162160873413
1,1129,0.1862865537405014
1,1130,0.3042307496070862
1,1131,0.24695399403572083
1,1132,0.21734151244163513
1,1133,0.1747049242258072
1,1134,0.17857229709625244
1,1135,0.2099885642528534
1,1136,0.4578617811203003
1,1137,0.13965274393558502
1,1138,0.09504134207963943
1,1139,0.17871014773845673
1,1140,0.20341446995735168
1,1141,0.21404224634170532
1,1142,0.21923193335533142
1,1143,0.23880110681056976
1,1144,0.1821594089269638
1,1145,0.28652024269104004
1,1146,0.1913778930902481
1,1147,0.17499662935733795
1,1148,0.27568763494491577
1,1149,0.20016513764858246
1,1150,0.5196226835250854
1,1151,0.17642062902450562
1,1152,0.17688190937042236
1,1153,0.29702040553092957
1,1154,0.2285098433494568
1,1155,0.22095295786857605
1,1156,0.2678302526473999
1,1157,0.2517169117927551
1,1158,0.2883732318878174
1,1159,0.23215743899345398
1,1160,0.10701014846563339
1,1161,0.18035297095775604
1,1162,0.2061433494091034
1,1163,0.2054286003112793
1,1164,0.14757056534290314
1,1165,0.12343563139438629
1,1166,0.22025826573371887
1,1167,0.2773081660270691
1,1168,0.14093554019927979
1,1169,0.22487327456474304
1,1170,0.2310430258512497
1,1171,0.18703597784042358
1,1172,0.20359808206558228
1,1173,0.2289608269929886
1,1174,0.0862923264503479
1,1175,0.23070350289344788
1,1176,0.2530672252178192
1,1177,0.14468543231487274
1,1178,0.16189244389533997
1,1179,0.21139267086982727
1,1180,0.18635879456996918
1,1181,0.1385514885187149
1,1182,0.18270017206668854
1,1183,0.18774257600307465
1,1184,0.1767898052930832
1,1185,0.2111884206533432
1,1186,0.19474419951438904
1,1187,0.1136564165353775
1,1188,0.1747647225856781
1,1189,0.19759133458137512
1,1190,0.09688996523618698
1,1191,0.12531307339668274
1,1192,0.3145832419395447
1,1193,0.23354683816432953
1,1194,0.19830042123794556
1,1195,0.1613617241382599
1,1196,0.15087464451789856
1,1197,0.3372389078140259
1,1198,0.23268133401870728
1,1199,0.1501377522945404
1,1200,0.20280997455120087
1,1201,0.2537323236465454
1,1202,0.18270215392112732
1,1203,0.1928514838218689
1,1204,0.15637318789958954
1,1205,0.16645926237106323
1,1206,0.1096993088722229
1,1207,0.1280634105205536
1,1208,0.2126450389623642
1,1209,0.09907317906618118
1,1210,0.0828975960612297
1,1211,0.1716924011707306
1,1212,0.059485822916030884
1,1213,0.18198056519031525
1,1214,0.21904927492141724
1,1215,0.11486325412988663
1,1216,0.1501624882221222
1,1217,0.16489502787590027
1,1218,0.16647666692733765
1,1219,0.18285894393920898
1,1220,0.16800719499588013
1,1221,0.15160296857357025
1,1222,0.11316663771867752
1,1223,0.2506975531578064
1,1224,0.08363328129053116
1,1225,0.17550799250602722
1,1226,0.0659686028957367
1,1227,0.16367842257022858
1,1228,0.08017411082983017
1,1229,0.0806504487991333
1,1230,0.09090239554643631
1,1231,0.42284613847732544
1,1232,0.16676869988441467
1,1233,0.20279639959335327
1,1234,0.17448510229587555
1,1235,0.13784699141979218
1,1236,0.16562388837337494
1,1237,0.16396942734718323
1,1238,0.1425383985042572
1,1239,0.19838865101337433
1,1240,0.13959835469722748
1,1241,0.24877768754959106
1,1242,0.17246121168136597
1,1243,0.17528104782104492
1,1244,0.1670098751783371
1,1245,0.17916744947433472
1,1246,0.13336575031280518
1,1247,0.3583104610443115
1,1248,0.07995596528053284
1,1249,0.20529751479625702
1,1250,0.19983413815498352
1,1251,0.16123121976852417
1,1252,0.16433236002922058
1,1253,0.1555747091770172
1,1254,0.13223865628242493
1,1255,0.2385881543159485
1,1256,0.1854214072227478
1,1257,0.2646386921405792
1,1258,0.19772490859031677
1,1259,0.2289344221353531
1,1260,0.18305425345897675
1,1261,0.2347918301820755
1,1262,0.23137953877449036
1,1263,0.3511558175086975
1,1264,0.14544586837291718
1,1265,0.16954723000526428
1,1266,0.17309364676475525
1,1267,0.09095586836338043
1,1268,0.09393731504678726
1,1269,0.4137619137763977
1,1270,0.11781813204288483
1,1271,0.21235992014408112
1,1272,0.22734449803829193
